{
  "mu": 0.31911088024590833,
  "attack": {
    "Algeria": -0.003462866368911416,
    "Argentina": 0.01763212565213224,
    "Australia": -0.012463060875199928,
    "Austria": 0.0007636724557119748,
    "Belgium": 0.007631386319453105,
    "Bosnia and Herzegovina": -0.0007787209354905507,
    "Brazil": 0.029395787662449133,
    "Cabo Verde": -0.002066804444695532,
    "Cameroon": -0.005774279428454722,
    "Canada": -0.007420016421296666,
    "Chile": -0.006821686687113201,
    "Colombia": -0.008557552012706067,
    "Congo DR": -0.0006075755923805722,
    "Croatia": 0.017194299599065856,
    "Cura\u00e7ao": -0.004412796066430882,
    "Czechia": -0.003013310041441141,
    "C\u00f4te d'Ivoire": -0.000712149497995608,
    "Denmark": -0.0010820305517693792,
    "Ecuador": 7.785375039889816e-05,
    "Egypt": 0.001348116685298697,
    "England": 0.022486160480834377,
    "France": 0.026870101849983157,
    "Germany": 0.006050792849867517,
    "Ghana": -0.014941578818984733,
    "Haiti": -0.0029611929746021274,
    "IR Iran": -0.0016349009796704612,
    "Iran": -0.014212330549087953,
    "Iraq": -0.00445607112778973,
    "Italy": 0.007617850548830489,
    "Japan": 0.004123579934768104,
    "Jordan": -0.0015923848264633041,
    "Mexico": -0.0030488784028985245,
    "Morocco": 0.009044297294565476,
    "Netherlands": 0.01403222970026939,
    "New Zealand": -0.00020034232791541382,
    "Nigeria": -0.005507745671558361,
    "Norway": 0.012262805469397722,
    "Panama": -0.0057549707465697495,
    "Paraguay": -0.013461980425294015,
    "Peru": -0.010314546161453664,
    "Poland": 0.00012210764489353727,
    "Portugal": 0.015745480019873817,
    "Qatar": -0.017491511668136967,
    "Saudi Arabia": -0.02094744415609331,
    "Scotland": -0.006715256621113095,
    "Senegal": 0.001894444102218903,
    "Serbia": -0.009989014006872732,
    "South Africa": -0.00495440297064397,
    "South Korea": -0.020217022435197296,
    "Spain": 0.031001104787519038,
    "Sweden": -0.00045451474870076343,
    "Switzerland": 0.012759934458344772,
    "Tunisia": -0.009875082371612559,
    "T\u00fcrkiye": -0.0016606859206975855,
    "USA": -0.004190344042308312,
    "Uruguay": -0.0033616695020585456,
    "Uzbekistan": -0.002938215160796051
  },
  "defense": {
    "Algeria": 0.000744804064835016,
    "Argentina": -0.007834538238512946,
    "Australia": 0.005762612737017949,
    "Austria": 0.004855658172944478,
    "Belgium": -0.00043861322894119274,
    "Bosnia and Herzegovina": 0.0035601280795074922,
    "Brazil": -0.012720123371575845,
    "Cabo Verde": -0.0007603952080709828,
    "Cameroon": 0.0048265258622542575,
    "Canada": -0.003696330620704389,
    "Chile": 0.010230701568054145,
    "Colombia": -0.011588692597424196,
    "Congo DR": -0.0007643755857875611,
    "Croatia": -0.01189205382994681,
    "Cura\u00e7ao": 0.006889124172722587,
    "Czechia": 0.0027053965923356516,
    "C\u00f4te d'Ivoire": -0.0021519065413929993,
    "Denmark": -0.005037693586005728,
    "Ecuador": 0.0021525851303195328,
    "Egypt": 0.011869362044052258,
    "England": -0.025601124086597572,
    "France": -0.005246189497987168,
    "Germany": -0.008819028901986846,
    "Ghana": -0.00969235909417395,
    "Haiti": 0.005420256676308705,
    "IR Iran": -0.0016139004642029885,
    "Iran": 0.0017419647182006087,
    "Iraq": 0.01106654814332674,
    "Italy": -0.017844933052798027,
    "Japan": 0.005052819844484927,
    "Jordan": 0.005453893950532971,
    "Mexico": -0.006807266820700905,
    "Morocco": -0.010065852901297304,
    "Netherlands": -0.01775392856467445,
    "New Zealand": 0.008300798442271355,
    "Nigeria": 0.012230690734464101,
    "Norway": -0.00024835960905878927,
    "Panama": -0.00022997677067619447,
    "Paraguay": 0.004651614855887659,
    "Peru": 0.007409566100449907,
    "Poland": -0.002262972459670161,
    "Portugal": -0.02693269084924324,
    "Qatar": 0.026834038110118284,
    "Saudi Arabia": 0.0031586474295896725,
    "Scotland": -0.004249704424484167,
    "Senegal": 0.019122421129490627,
    "Serbia": 0.008434154109102712,
    "South Africa": -0.002060505938509856,
    "South Korea": 0.009099793553116702,
    "Spain": -0.030859748472683492,
    "Sweden": -0.004655503305267674,
    "Switzerland": -0.011081505421030103,
    "Tunisia": 0.024247756523300044,
    "T\u00fcrkiye": 0.0012945275862408085,
    "USA": 0.021589686487604648,
    "Uruguay": 0.004485097417599616,
    "Uzbekistan": 0.009718294932743378
  }
}