{
  "feature_names": [
    "elo_home",
    "elo_away",
    "elo_diff",
    "winrate5_home",
    "winrate5_away",
    "goals_for5_home",
    "goals_for5_away",
    "goals_against5_home",
    "goals_against5_away",
    "is_knockout"
  ],
  "classes": [
    "H",
    "D",
    "A"
  ],
  "classifiers": [
    {
      "mean": [
        1851.2412197133433,
        1850.6619518541695,
        0.5792678591741562,
        0.3627777777777778,
        0.35652777777777783,
        1.3178819444444445,
        1.3410069444444446,
        1.3460416666666666,
        1.3451041666666668,
        0.0
      ],
      "scale": [
        113.9820213810397,
        118.85832492972838,
        167.0958502456833,
        0.23714626028135485,
        0.2338862084169443,
        0.5170632706716854,
        0.5275375446950537,
        0.5227923850760631,
        0.49125782274541424,
        1.0
      ],
      "coef": [
        [
          0.19232832829062582,
          -0.08003861549694086,
          0.1881269184653184,
          0.16134084728574333,
          0.00881276964098614,
          -0.025576926641605036,
          -0.05102759853566708,
          0.03735230956677834,
          -0.09382498334745773,
          0.0
        ],
        [
          -0.1238079494706937,
          -0.061620753553838926,
          -0.040621839413810895,
          -0.006537757121130847,
          0.07131750779641514,
          0.11729728944761741,
          0.045695043536371126,
          0.0006836581900686964,
          0.09200494727900319,
          0.0
        ],
        [
          -0.06852037881993253,
          0.14165936905077986,
          -0.14750507905150767,
          -0.15480309016461224,
          -0.08013027743740146,
          -0.09172036280601223,
          0.005332554999295769,
          -0.03803596775684701,
          0.0018200360684546453,
          0.0
        ]
      ],
      "intercept": [
        0.05673410539255522,
        -0.1503600001870652,
        0.09362589479451137
      ],
      "calibrators": [
        {
          "a": -1.0590872974218546,
          "b": 0.6226575518786356
        },
        {
          "a": 0.5089484368972608,
          "b": 1.0067861312308362
        },
        {
          "a": -1.2893936607533933,
          "b": 0.6764787487928
        }
      ]
    },
    {
      "mean": [
        1850.216361193266,
        1855.9199216528273,
        -5.703560459560912,
        0.3605902777777778,
        0.37246527777777777,
        1.3591319444444445,
        1.3905555555555555,
        1.3772222222222221,
        1.363402777777778,
        0.0
      ],
      "scale": [
        115.01625464112834,
        123.16460378241807,
        171.62921402686973,
        0.2514508800753411,
        0.25235797472138344,
        0.5629539823949798,
        0.5672698314985516,
        0.5565328903350559,
        0.53603352471829,
        1.0
      ],
      "coef": [
        [
          0.17019630233101923,
          -0.12040208609986267,
          0.20045897589184833,
          0.21653514796364798,
          0.12311134193200701,
          -0.03586888304013865,
          -0.04243725143609226,
          0.13148786543597596,
          0.0315420955854352,
          0.0
        ],
        [
          -0.11577769821299974,
          -0.03126169458932871,
          -0.05515368141397224,
          0.02412143091136618,
          -0.10242711271160237,
          0.08522357257643891,
          0.06186250208377471,
          -0.06735652906949834,
          -0.06123067069621484,
          0.0
        ],
        [
          -0.05441860411801961,
          0.15166378068919115,
          -0.14530529447787605,
          -0.2406565788750142,
          -0.020684229220404565,
          -0.04935468953630048,
          -0.01942525064768222,
          -0.06413133636647758,
          0.029688575110779165,
          0.0
        ]
      ],
      "intercept": [
        0.05648177725582804,
        -0.14398913525273158,
        0.08750735799690468
      ],
      "calibrators": [
        {
          "a": -1.4075580045725664,
          "b": 0.7717824581125293
        },
        {
          "a": 0.6724457617601315,
          "b": 1.0688877467831588
        },
        {
          "a": -1.126555233252673,
          "b": 0.6285618597577891
        }
      ]
    },
    {
      "mean": [
        1853.3354958195885,
        1853.9147636787627,
        -0.5792678591741577,
        0.36711805555555554,
        0.36857638888888894,
        1.360763888888889,
        1.3757291666666667,
        1.3745138888888888,
        1.3697569444444444,
        0.0
      ],
      "scale": [
        116.63346401630727,
        120.28369743666781,
        172.2577134380316,
        0.2599486326535328,
        0.2561858523103821,
        0.566770717401133,
        0.5566907228511759,
        0.5529359724433867,
        0.5252184829315185,
        1.0
      ],
      "coef": [
        [
          0.22160018788253533,
          -0.05045119492293442,
          0.18527155137418083,
          0.19806861162051703,
          0.05883620616180066,
          0.0020655215236513257,
          -0.023283740727675566,
          0.07333458144793586,
          0.03288120173199144,
          0.0
        ],
        [
          -0.10702115624435476,
          -0.06516661639729962,
          -0.0269582505968646,
          -0.06404098580718305,
          0.020846277320928593,
          0.09596285404927055,
          -0.014835463070566922,
          -0.020465433478741347,
          0.008380735717383231,
          0.0
        ],
        [
          -0.11457903163818031,
          0.11561781132023409,
          -0.15831330077731628,
          -0.13402762581333377,
          -0.07968248348272927,
          -0.0980283755729217,
          0.03811920379824278,
          -0.052869147969194556,
          -0.04126193744937514,
          0.0
        ]
      ],
      "intercept": [
        0.052877666986581404,
        -0.13863700442713417,
        0.08575933744055379
      ],
      "calibrators": [
        {
          "a": -0.949698932255134,
          "b": 0.6116542607103843
        },
        {
          "a": -0.23206247305484767,
          "b": 0.9374674239898079
        },
        {
          "a": -1.1342301914888766,
          "b": 0.7105015273790107
        }
      ]
    },
    {
      "mean": [
        1851.8650466386077,
        1852.8007870265044,
        -0.9357403878967095,
        0.3700347222222222,
        0.35732638888888885,
        1.385763888888889,
        1.3873958333333334,
        1.3907638888888887,
        1.401840277777778,
        0.0
      ],
      "scale": [
        114.74581597869872,
        122.02897873240285,
        172.00699326497684,
        0.256267950948331,
        0.25829104483249815,
        0.5412016121486373,
        0.559167329674429,
        0.5614437571116909,
        0.5334001411697628,
        1.0
      ],
      "coef": [
        [
          0.22944394301082582,
          -0.09650851545618765,
          0.22152917924416032,
          0.21155858980052591,
          0.12210919469332432,
          -0.08716888756834379,
          -0.013122173069505388,
          0.1546604800840149,
          0.07872899785408653,
          0.0
        ],
        [
          -0.11288538710125345,
          -0.019005449814323457,
          -0.06182254582772254,
          -0.0912021135278789,
          -0.07908169621311331,
          0.16382911361751265,
          0.0460456902231695,
          -0.021253738803990556,
          -0.05238937511617822,
          0.0
        ],
        [
          -0.11655855590957183,
          0.11551396527051094,
          -0.15970663341643757,
          -0.12035647627264719,
          -0.043027498480211056,
          -0.07666022604916907,
          -0.03292351715366452,
          -0.13340674128002436,
          -0.02633962273790803,
          0.0
        ]
      ],
      "intercept": [
        0.046433659874737646,
        -0.14743364686141514,
        0.10099998698667838
      ],