{
  "mu": 0.3185162926845131,
  "attack": {
    "Algeria": -0.0034411676309542075,
    "Argentina": 0.01475397371458232,
    "Australia": -0.012508670834114898,
    "Austria": 0.000765966531137431,
    "Belgium": 0.00818686281907615,
    "Bosnia and Herzegovina": -0.0007743379769966876,
    "Brazil": 0.029642890028765967,
    "Cabo Verde": -0.0020820121961622794,
    "Cameroon": -0.005782341515799179,
    "Canada": -0.007426214455423781,
    "Chile": -0.006830610852466751,
    "Colombia": -0.008584611617416528,
    "Congo DR": -0.0006071937637546041,
    "Croatia": 0.017347528513747244,
    "Curaçao": -0.004436782025985383,
    "Czechia": -0.003028537025956578,
    "Côte d'Ivoire": -0.0007104776457854108,
    "Denmark": -0.0010630081651653528,
    "Ecuador": 9.973211285651751e-05,
    "Egypt": 0.0013941202471266915,
    "England": 0.022414948018006427,
    "France": 0.02894796779485514,
    "Germany": 0.0061219449071090925,
    "Ghana": -0.015010869720598887,
    "Haiti": -0.0029766252288820094,
    "IR Iran": -0.0016396835631744275,
    "Iran": -0.014269286780760516,
    "Iraq": -0.004476807313959231,
    "Italy": 0.007698032967921525,
    "Japan": 0.004187404441381134,
    "Jordan": -0.001600820872686959,
    "Mexico": -0.003015052019458925,
    "Morocco": 0.009145564976442063,
    "Netherlands": 0.014167152370563962,
    "New Zealand": -0.0001964416906948921,
    "Nigeria": -0.005508089212776819,
    "Norway": 0.012852687471132758,
    "Panama": -0.00578738863000104,
    "Paraguay": -0.013511932182512846,
    "Peru": -0.010346456389157413,
    "Poland": 0.00015434652632524028,
    "Portugal": 0.01588821534353381,
    "Qatar": -0.017569466969310048,
    "Saudi Arabia": -0.021051565301446487,
    "Scotland": -0.006714126181855631,
    "Senegal": 0.0019491568069744827,
    "Serbia": -0.010040963494068314,
    "South Africa": -0.004980558957568476,
    "South Korea": -0.020304525025945007,
    "Spain": 0.029650382921195245,
    "Sweden": -0.0004117064244501706,
    "Switzerland": 0.013399546161427411,
    "Tunisia": -0.009908415825356072,
    "Türkiye": -0.001667038651245915,
    "USA": -0.004180033098712465,
    "Uruguay": -0.003362248792578689,
    "Uzbekistan": -0.0029536568025669047
  },
  "defense": {
    "Algeria": 0.000785234153761997,
    "Argentina": -0.006803745453295757,
    "Australia": 0.005860146472933445,
    "Austria": 0.0049002001735395165,
    "Belgium": -0.0011752818051460113,
    "Bosnia and Herzegovina": 0.0035852498746349218,
    "Brazil": -0.012771020804926257,
    "Cabo Verde": -0.000751042434028256,
    "Cameroon": 0.004883290496968343,
    "Canada": -0.0036945656720421883,
    "Chile": 0.010332471966364004,
    "Colombia": -0.011634873449918494,
    "Congo DR": -0.0007635067090132373,
    "Croatia": -0.011905076964482229,
    "Curaçao": 0.006935119031980548,
    "Czechia": 0.002724918071979124,
    "Côte d'Ivoire": -0.002161417243275357,
    "Denmark": -0.005040883338036525,
    "Ecuador": 0.002227429907316911,
    "Egypt": 0.011990740578046404,
    "England": -0.026113682491065875,
    "France": -0.006049522143476316,
    "Germany": -0.008843874276981946,
    "Ghana": -0.009722718980034073,
    "Haiti": 0.005457586220033048,
    "IR Iran": -0.0016212593350748551,
    "Iran": 0.001785954482763686,
    "Iraq": 0.0111342290477528,
    "Italy": -0.017930604099636035,
    "Japan": 0.005119382413558092,
    "Jordan": 0.005497135369481695,
    "Mexico": -0.00681141097072787,
    "Morocco": -0.010106841758039935,
    "Netherlands": -0.01784138009968086,
    "New Zealand": 0.008354568729232873,
    "Nigeria": 0.01234343464988743,
    "Norway": -0.001016725100684602,
    "Panama": -0.00022700359027056052,
    "Paraguay": 0.004719721765635024,
    "Peru": 0.007485802128353325,
    "Poland": -0.002247199370776891,
    "Portugal": -0.027076076604376078,
    "Qatar": 0.02704186204620619,
    "Saudi Arabia": 0.003208757529742525,
    "Scotland": -0.0042448977856181505,
    "Senegal": 0.019282002132522662,
    "Serbia": 0.008539353914750665,
    "South Africa": -0.002069429022925547,
    "South Korea": 0.009198505012340371,
    "Spain": -0.028698257059107998,
    "Sweden": -0.004641566184481663,
    "Switzerland": -0.013310903780492381,
    "Tunisia": 0.02445563144192047,
    "Türkiye": 0.0013052081504321949,
    "USA": 0.021783247740707,
    "Uruguay": 0.004564521490153844,
    "Uzbekistan": 0.009781761373027652
  }
}